,,
"Adam","Bałut","abalut@agh.edu.pl"
"Anna","Barańska","abaran@agh.edu.pl"
"Antoni","Barbacki","barbacki@agh.edu.pl"
"Tomasz","Bergier","tbergier@agh.edu.pl"
"Marek","Bogacki","bogacki@agh.edu.pl"
"Paweł","Ćwiąkała","pawelcwi@agh.edu.pl"
"Teresa","Eckes","teckes@agh.edu.pl"
"Karol","Firek","kfirek@agh.edu.pl"
"Natalia","Florencka","floren@agh.edu.pl"
